"img1","img2","similarity"
"beach3.jpg","beach7.jpg",0.368421052631579
"beach3.jpg","beach14.jpg",0.444444444444444
"beach3.jpg","beach8.jpg",0.472222222222222
"beach3.jpg","beach5.jpg",0.466666666666667
"beach3.jpg","beach16.jpg",0.205882352941176
"beach3.jpg","beach20.jpg",0.2
"beach3.jpg","beach19.jpg",0.346491228070175
"beach3.jpg","beach1.jpg",0.42280701754386
"beach3.jpg","beach0.jpg",0.298148148148148
"beach3.jpg","beach17.jpg",0.411764705882353
"beach3.jpg","beach6.jpg",0.411764705882353
"beach3.jpg","beach23.jpg",0.935416666666667
"beach3.jpg","beach15.jpg",0.0789473684210526
"beach3.jpg","beach13.jpg",0.231481481481481
"beach3.jpg","beach10.jpg",0.75
"beach3.jpg","beach22.jpg",0.24375
"beach3.jpg","beach4.jpg",0.214285714285714
"beach3.jpg","beach21.jpg",0.57843137254902
"beach3.jpg","beach11.jpg",0.377777777777778
"beach3.jpg","beach18.jpg",0.175925925925926
"beach3.jpg","beach12.jpg",0.3625
"beach3.jpg","beach2.jpg",0.333333333333333
"beach3.jpg","beach9.jpg",0.435606060606061
"beach7.jpg","beach3.jpg",0.368421052631579
"beach7.jpg","beach14.jpg",0.302083333333333
"beach7.jpg","beach8.jpg",0.480392156862745
"beach7.jpg","beach5.jpg",0.313725490196078
"beach7.jpg","beach16.jpg",0.555
"beach7.jpg","beach20.jpg",0.25
"beach7.jpg","beach19.jpg",0.352941176470588
"beach7.jpg","beach1.jpg",0.572222222222222
"beach7.jpg","beach0.jpg",0.55952380952381
"beach7.jpg","beach17.jpg",0.380952380952381
"beach7.jpg","beach6.jpg",0.46078431372549
"beach7.jpg","beach23.jpg",0.425925925925926
"beach7.jpg","beach15.jpg",0.3
"beach7.jpg","beach13.jpg",0.491666666666667
"beach7.jpg","beach10.jpg",0.266666666666667
"beach7.jpg","beach22.jpg",0.411764705882353
"beach7.jpg","beach4.jpg",0.1625
"beach7.jpg","beach21.jpg",0.362745098039216
"beach7.jpg","beach11.jpg",0.570175438596491
"beach7.jpg","beach18.jpg",0.201754385964912
"beach7.jpg","beach12.jpg",0.594117647058824
"beach7.jpg","beach2.jpg",0.427083333333333
"beach7.jpg","beach9.jpg",0.225490196078431
"beach14.jpg","beach3.jpg",0.444444444444444
"beach14.jpg","beach7.jpg",0.302083333333333
"beach14.jpg","beach8.jpg",0.561538461538462
"beach14.jpg","beach5.jpg",0.186274509803922
"beach14.jpg","beach16.jpg",0.196078431372549
"beach14.jpg","beach20.jpg",0.333333333333333
"beach14.jpg","beach19.jpg",0.227272727272727
"beach14.jpg","beach1.jpg",0.566666666666667
"beach14.jpg","beach0.jpg",0.6
"beach14.jpg","beach17.jpg",0.564814814814815
"beach14.jpg","beach6.jpg",0.147058823529412
"beach14.jpg","beach23.jpg",0.228070175438596
"beach14.jpg","beach15.jpg",0.354166666666667
"beach14.jpg","beach13.jpg",0.311111111111111
"beach14.jpg","beach10.jpg",0.382352941176471
"beach14.jpg","beach22.jpg",0.46078431372549
"beach14.jpg","beach4.jpg",0.0462962962962963
"beach14.jpg","beach21.jpg",0.369047619047619
"beach14.jpg","beach11.jpg",0.607843137254902
"beach14.jpg","beach18.jpg",0.309259259259259
"beach14.jpg","beach12.jpg",0.239583333333333
"beach14.jpg","beach2.jpg",0.411458333333333
"beach14.jpg","beach9.jpg",0.786458333333333
"beach8.jpg","beach3.jpg",0.472222222222222
"beach8.jpg","beach7.jpg",0.480392156862745
"beach8.jpg","beach14.jpg",0.561538461538462
"beach8.jpg","beach5.jpg",0.290740740740741
"beach8.jpg","beach16.jpg",0.206666666666667
"beach8.jpg","beach20.jpg",0.28125
"beach8.jpg","beach19.jpg",0.222222222222222
"beach8.jpg","beach1.jpg",0.821428571428571
"beach8.jpg","beach0.jpg",0.322222222222222
"beach8.jpg","beach17.jpg",0.408333333333333
"beach8.jpg","beach6.jpg",0.475490196078431
"beach8.jpg","beach23.jpg",0.505208333333333
"beach8.jpg","beach15.jpg",0.392857142857143
"beach8.jpg","beach13.jpg",0.28125
"beach8.jpg","beach10.jpg",0.519607843137255
"beach8.jpg","beach22.jpg",0.264705882352941
"beach8.jpg","beach4.jpg",0.0789473684210526
"beach8.jpg","beach21.jpg",0.726190476190476
"beach8.jpg","beach11.jpg",0.375
"beach8.jpg","beach18.jpg",0.205882352941176
"beach8.jpg","beach12.jpg",0.371794871794872
"beach8.jpg","beach2.jpg",0.210526315789474
"beach8.jpg","beach9.jpg",0.55
"beach5.jpg","beach3.jpg",0.466666666666667
"beach5.jpg","beach7.jpg",0.313725490196078
"beach5.jpg","beach14.jpg",0.186274509803922
"beach5.jpg","beach8.jpg",0.290740740740741
"beach5.jpg","beach16.jpg",0.117647058823529
"beach5.jpg","beach20.jpg",0.416666666666667
"beach5.jpg","beach19.jpg",0.264705882352941
"beach5.jpg","beach1.jpg",0.166666666666667
"beach5.jpg","beach0.jpg",0.166666666666667
"beach5.jpg","beach17.jpg",0.125
"beach5.jpg","beach6.jpg",0.215686274509804
"beach5.jpg","beach23.jpg",0.650793650793651
"beach5.jpg","beach15.jpg",0.0982456140350877
"beach5.jpg","beach13.jpg",0.348039215686274
"beach5.jpg","beach10.jpg",0.529411764705882
"beach5.jpg","beach22.jpg",0.393518518518518
"beach5.jpg","beach4.jpg",0.341666666666667
"beach5.jpg","beach21.jpg",0.194444444444444
"beach5.jpg","beach11.jpg",0.842105263157895
"beach5.jpg","beach18.jpg",0
"beach5.jpg","beach12.jpg",0.515625
"beach5.jpg","beach2.jpg",0.296296296296296
"beach5.jpg","beach9.jpg",0.213541666666667
"beach16.jpg","beach3.jpg",0.205882352941176
"beach16.jpg","beach7.jpg",0.555
"beach16.jpg","beach14.jpg",0.196078431372549
"beach16.jpg","beach8.jpg",0.206666666666667
"beach16.jpg","beach5.jpg",0.117647058823529
"beach16.jpg","beach20.jpg",0.333333333333333
"beach16.jpg","beach19.jpg",0.205882352941176
"beach16.jpg","beach1.jpg",0.205882352941176
"beach16.jpg","beach0.jpg",0.484375
"beach16.jpg","beach17.jpg",0.3125
"beach16.jpg","beach6.jpg",0.288888888888889
"beach16.jpg","beach23.jpg",0.256410256410256
"beach16.jpg","beach15.jpg",0.295614035087719
"beach16.jpg","beach13.jpg",0.729166666666667
"beach16.jpg","beach10.jpg",0.0277777777777778
"beach16.jpg","beach22.jpg",0.161458333333333
"beach16.jpg","beach4.jpg",0.305555555555556
"beach16.jpg","beach21.jpg",0.172619047619048
"beach16.jpg","beach11.jpg",0.2
"beach16.jpg","beach18.jpg",0.208333333333333
"beach16.jpg","beach12.jpg",0.383333333333333
"beach16.jpg","beach2.jpg",0.435185185185185
"beach16.jpg","beach9.jpg",0.102564102564103
"beach20.jpg","beach3.jpg",0.2
"beach20.jpg","beach7.jpg",0.25
"beach20.jpg","beach14.jpg",0.333333333333333
"beach20.jpg","beach8.jpg",0.28125
"beach20.jpg","beach5.jpg",0.416666666666667
"beach20.jpg","beach16.jpg",0.333333333333333
"beach20.jpg","beach19.jpg",0.196078431372549
"beach20.jpg","beach1.jpg",0.145833333333333
"beach20.jpg","beach0.jpg",0.37037037037037
"beach20.jpg","beach17.jpg",0.372549019607843
"beach20.jpg","beach6.jpg",0.621794871794872
"beach20.jpg","beach23.jpg",0.486842105263158
"beach20.jpg","beach15.jpg",0.192307692307692
"beach20.jpg","beach13.jpg",0.364583333333333
"beach20.jpg","beach10.jpg",0.254385964912281
"beach20.jpg","beach22.jpg",0.0555555555555555
"beach20.jpg","beach4.jpg",0.0701754385964912
"beach20.jpg","beach21.jpg",0.28125
"beach20.jpg","beach11.jpg",0.607142857142857
"beach20.jpg","beach18.jpg",0.55952380952381
"beach20.jpg","beach12.jpg",0.491228070175439
"beach20.jpg","beach2.jpg",0.791666666666667
"beach20.jpg","beach9.jpg",0.432291666666667
"beach19.jpg","beach3.jpg",0.346491228070175
"beach19.jpg","beach7.jpg",0.352941176470588
"beach19.jpg","beach14.jpg",0.227272727272727
"beach19.jpg","beach8.jpg",0.222222222222222
"beach19.jpg","beach5.jpg",0.264705882352941
"beach19.jpg","beach16.jpg",0.205882352941176
"beach19.jpg","beach20.jpg",0.196078431372549
"beach19.jpg","beach1.jpg",0.192708333333333
"beach19.jpg","beach0.jpg",0.490196078431373
"beach19.jpg","beach17.jpg",0.305555555555556
"beach19.jpg","beach6.jpg",0.214285714285714
"beach19.jpg","beach23.jpg",0.117647058823529
"beach19.jpg","beach15.jpg",0.348958333333333
"beach19.jpg","beach13.jpg",0.270833333333333
"beach19.jpg","beach10.jpg",0.215686274509804
"beach19.jpg","beach22.jpg",0.452380952380952
"beach19.jpg","beach4.jpg",0.233333333333333
"beach19.jpg","beach21.jpg",0.4
"beach19.jpg","beach11.jpg",0.324074074074074
"beach19.jpg","beach18.jpg",0.208333333333333
"beach19.jpg","beach12.jpg",0.240740740740741
"beach19.jpg","beach2.jpg",0.212962962962963
"beach19.jpg","beach9.jpg",0.186507936507937
"beach1.jpg","beach3.jpg",0.42280701754386
"beach1.jpg","beach7.jpg",0.572222222222222
"beach1.jpg","beach14.jpg",0.566666666666667
"beach1.jpg","beach8.jpg",0.821428571428571
"beach1.jpg","beach5.jpg",0.166666666666667
"beach1.jpg","beach16.jpg",0.205882352941176
"beach1.jpg","beach20.jpg",0.145833333333333
"beach1.jpg","beach19.jpg",0.192708333333333
"beach1.jpg","beach0.jpg",0.431372549019608
"beach1.jpg","beach17.jpg",0.583333333333333
"beach1.jpg","beach6.jpg",0.411764705882353
"beach1.jpg","beach23.jpg",0.254901960784314
"beach1.jpg","beach15.jpg",0.388888888888889
"beach1.jpg","beach13.jpg",0.0972222222222222
"beach1.jpg","beach10.jpg",0.372549019607843
"beach1.jpg","beach22.jpg",0.464035087719298
"beach1.jpg","beach4.jpg",0
"beach1.jpg","beach21.jpg",0.7
"beach1.jpg","beach11.jpg",0.519607843137255
"beach1.jpg","beach18.jpg",0.0666666666666667
"beach1.jpg","beach12.jpg",0.166666666666667
"beach1.jpg","beach2.jpg",0.264705882352941
"beach1.jpg","beach9.jpg",0.607843137254902
"beach0.jpg","beach3.jpg",0.298148148148148
"beach0.jpg","beach7.jpg",0.55952380952381
"beach0.jpg","beach14.jpg",0.6
"beach0.jpg","beach8.jpg",0.322222222222222
"beach0.jpg","beach5.jpg",0.166666666666667
"beach0.jpg","beach16.jpg",0.484375
"beach0.jpg","beach20.jpg",0.37037037037037
"beach0.jpg","beach19.jpg",0.490196078431373
"beach0.jpg","beach1.jpg",0.431372549019608
"beach0.jpg","beach17.jpg",0.351851851851852
"beach0.jpg","beach6.jpg",0.205882352941176
"beach0.jpg","beach23.jpg",0.226190476190476
"beach0.jpg","beach15.jpg",0.28
"beach0.jpg","beach13.jpg",0.285416666666667
"beach0.jpg","beach10.jpg",0
"beach0.jpg","beach22.jpg",0.448717948717949
"beach0.jpg","beach4.jpg",0.4
"beach0.jpg","beach21.jpg",0.319444444444444
"beach0.jpg","beach11.jpg",0.157407407407407
"beach0.jpg","beach18.jpg",0.329166666666667
"beach0.jpg","beach12.jpg",0.355555555555556
"beach0.jpg","beach2.jpg",0.572916666666667
"beach0.jpg","beach9.jpg",0.422222222222222
"beach17.jpg","beach3.jpg",0.411764705882353
"beach17.jpg","beach7.jpg",0.380952380952381
"beach17.jpg","beach14.jpg",0.564814814814815
"beach17.jpg","beach8.jpg",0.408333333333333
"beach17.jpg","beach5.jpg",0.125
"beach17.jpg","beach16.jpg",0.3125
"beach17.jpg","beach20.jpg",0.372549019607843
"beach17.jpg","beach19.jpg",0.305555555555556
"beach17.jpg","beach1.jpg",0.583333333333333
"beach17.jpg","beach0.jpg",0.351851851851852
"beach17.jpg","beach6.jpg",0.135416666666667
"beach17.jpg","beach23.jpg",0.25
"beach17.jpg","beach15.jpg",0.333333333333333
"beach17.jpg","beach13.jpg",0.137254901960784
"beach17.jpg","beach10.jpg",0.395833333333333
"beach17.jpg","beach22.jpg",0.296296296296296
"beach17.jpg","beach4.jpg",0.107843137254902
"beach17.jpg","beach21.jpg",0.568627450980392
"beach17.jpg","beach11.jpg",0.527777777777778
"beach17.jpg","beach18.jpg",0.59375
"beach17.jpg","beach12.jpg",0.260416666666667
"beach17.jpg","beach2.jpg",0.416666666666667
"beach17.jpg","beach9.jpg",0.622549019607843
"beach6.jpg","beach3.jpg",0.411764705882353
"beach6.jpg","beach7.jpg",0.46078431372549
"beach6.jpg","beach14.jpg",0.147058823529412
"beach6.jpg","beach8.jpg",0.475490196078431
"beach6.jpg","beach5.jpg",0.215686274509804
"beach6.jpg","beach16.jpg",0.288888888888889
"beach6.jpg","beach20.jpg",0.621794871794872
"beach6.jpg","beach19.jpg",0.214285714285714
"beach6.jpg","beach1.jpg",0.411764705882353
"beach6.jpg","beach0.jpg",0.205882352941176
"beach6.jpg","beach17.jpg",0.135416666666667
"beach6.jpg","beach23.jpg",0.587719298245614
"beach6.jpg","beach15.jpg",0
"beach6.jpg","beach13.jpg",0.6875
"beach6.jpg","beach10.jpg",0.453703703703704
"beach6.jpg","beach22.jpg",0.261904761904762
"beach6.jpg","beach4.jpg",0.31140350877193
"beach6.jpg","beach21.jpg",0.107142857142857
"beach6.jpg","beach11.jpg",0.355263157894737
"beach6.jpg","beach18.jpg",0.37280701754386
"beach6.jpg","beach12.jpg",0.194444444444444
"beach6.jpg","beach2.jpg",0.322916666666667
"beach6.jpg","beach9.jpg",0.105263157894737
"beach23.jpg","beach3.jpg",0.935416666666667
"beach23.jpg","beach7.jpg",0.425925925925926
"beach23.jpg","beach14.jpg",0.228070175438596
"beach23.jpg","beach8.jpg",0.505208333333333
"beach23.jpg","beach5.jpg",0.650793650793651
"beach23.jpg","beach16.jpg",0.256410256410256
"beach23.jpg","beach20.jpg",0.486842105263158
"beach23.jpg","beach19.jpg",0.117647058823529
"beach23.jpg","beach1.jpg",0.254901960784314
"beach23.jpg","beach0.jpg",0.226190476190476
"beach23.jpg","beach17.jpg",0.25
"beach23.jpg","beach6.jpg",0.587719298245614
"beach23.jpg","beach15.jpg",0.1875
"beach23.jpg","beach13.jpg",0.314814814814815
"beach23.jpg","beach10.jpg",0.657894736842105
"beach23.jpg","beach22.jpg",0.547619047619048
"beach23.jpg","beach4.jpg",0.156862745098039
"beach23.jpg","beach21.jpg",0.529411764705882
"beach23.jpg","beach11.jpg",0.637254901960784
"beach23.jpg","beach18.jpg",0
"beach23.jpg","beach12.jpg",0.197916666666667
"beach23.jpg","beach2.jpg",0.375
"beach23.jpg","beach9.jpg",0.416666666666667
"beach15.jpg","beach3.jpg",0.0789473684210526
"beach15.jpg","beach7.jpg",0.3
"beach15.jpg","beach14.jpg",0.354166666666667
"beach15.jpg","beach8.jpg",0.392857142857143
"beach15.jpg","beach5.jpg",0.0982456140350877
"beach15.jpg","beach16.jpg",0.295614035087719
"beach15.jpg","beach20.jpg",0.192307692307692
"beach15.jpg","beach19.jpg",0.348958333333333
"beach15.jpg","beach1.jpg",0.388888888888889
"beach15.jpg","beach0.jpg",0.28
"beach15.jpg","beach17.jpg",0.333333333333333
"beach15.jpg","beach6.jpg",0
"beach15.jpg","beach23.jpg",0.1875
"beach15.jpg","beach13.jpg",0.298245614035088
"beach15.jpg","beach10.jpg",0.137254901960784
"beach15.jpg","beach22.jpg",0.196969696969697
"beach15.jpg","beach4.jpg",0.0476190476190476
"beach15.jpg","beach21.jpg",0.0714285714285714
"beach15.jpg","beach11.jpg",0.287878787878788
"beach15.jpg","beach18.jpg",0.333333333333333
"beach15.jpg","beach12.jpg",0.423076923076923
"beach15.jpg","beach2.jpg",0.225490196078431
"beach15.jpg","beach9.jpg",0.302631578947368
"beach13.jpg","beach3.jpg",0.231481481481481
"beach13.jpg","beach7.jpg",0.491666666666667
"beach13.jpg","beach14.jpg",0.311111111111111
"beach13.jpg","beach8.jpg",0.28125
"beach13.jpg","beach5.jpg",0.348039215686274
"beach13.jpg","beach16.jpg",0.729166666666667
"beach13.jpg","beach20.jpg",0.364583333333333
"beach13.jpg","beach19.jpg",0.270833333333333
"beach13.jpg","beach1.jpg",0.0972222222222222
"beach13.jpg","beach0.jpg",0.285416666666667
"beach13.jpg","beach17.jpg",0.137254901960784
"beach13.jpg","beach6.jpg",0.6875
"beach13.jpg","beach23.jpg",0.314814814814815
"beach13.jpg","beach15.jpg",0.298245614035088
"beach13.jpg","beach10.jpg",0.255555555555556
"beach13.jpg","beach22.jpg",0.245098039215686
"beach13.jpg","beach4.jpg",0.152777777777778
"beach13.jpg","beach21.jpg",0.343333333333333
"beach13.jpg","beach11.jpg",0.228070175438596
"beach13.jpg","beach18.jpg",0.574074074074074
"beach13.jpg","beach12.jpg",0.333333333333333
"beach13.jpg","beach2.jpg",0.509259259259259
"beach13.jpg","beach9.jpg",0.161764705882353
"beach10.jpg","beach3.jpg",0.75
"beach10.jpg","beach7.jpg",0.266666666666667
"beach10.jpg","beach14.jpg",0.382352941176471
"beach10.jpg","beach8.jpg",0.519607843137255
"beach10.jpg","beach5.jpg",0.529411764705882
"beach10.jpg","beach16.jpg",0.0277777777777778
"beach10.jpg","beach20.jpg",0.254385964912281
"beach10.jpg","beach19.jpg",0.215686274509804
"beach10.jpg","beach1.jpg",0.372549019607843
"beach10.jpg","beach0.jpg",0
"beach10.jpg","beach17.jpg",0.395833333333333
"beach10.jpg","beach6.jpg",0.453703703703704
"beach10.jpg","beach23.jpg",0.657894736842105
"beach10.jpg","beach15.jpg",0.137254901960784
"beach10.jpg","beach13.jpg",0.255555555555556
"beach10.jpg","beach22.jpg",0.208333333333333
"beach10.jpg","beach4.jpg",0.35
"beach10.jpg","beach21.jpg",0.537037037037037
"beach10.jpg","beach11.jpg",0.0784313725490196
"beach10.jpg","beach18.jpg",0.104166666666667
"beach10.jpg","beach12.jpg",0.2125
"beach10.jpg","beach2.jpg",0.245098039215686
"beach10.jpg","beach9.jpg",0.264705882352941
"beach22.jpg","beach3.jpg",0.24375
"beach22.jpg","beach7.jpg",0.411764705882353
"beach22.jpg","beach14.jpg",0.46078431372549
"beach22.jpg","beach8.jpg",0.264705882352941
"beach22.jpg","beach5.jpg",0.393518518518518
"beach22.jpg","beach16.jpg",0.161458333333333
"beach22.jpg","beach20.jpg",0.0555555555555555
"beach22.jpg","beach19.jpg",0.452380952380952
"beach22.jpg","beach1.jpg",0.464035087719298
"beach22.jpg","beach0.jpg",0.448717948717949
"beach22.jpg","beach17.jpg",0.296296296296296
"beach22.jpg","beach6.jpg",0.261904761904762
"beach22.jpg","beach23.jpg",0.547619047619048
"beach22.jpg","beach15.jpg",0.196969696969697
"beach22.jpg","beach13.jpg",0.245098039215686
"beach22.jpg","beach10.jpg",0.208333333333333
"beach22.jpg","beach4.jpg",0.238095238095238
"beach22.jpg","beach21.jpg",0.416666666666667
"beach22.jpg","beach11.jpg",0.245098039215686
"beach22.jpg","beach18.jpg",0.133333333333333
"beach22.jpg","beach12.jpg",0.362745098039216
"beach22.jpg","beach2.jpg",0.107843137254902
"beach22.jpg","beach9.jpg",0.145833333333333
"beach4.jpg","beach3.jpg",0.214285714285714
"beach4.jpg","beach7.jpg",0.1625
"beach4.jpg","beach14.jpg",0.0462962962962963
"beach4.jpg","beach8.jpg",0.0789473684210526
"beach4.jpg","beach5.jpg",0.341666666666667
"beach4.jpg","beach16.jpg",0.305555555555556
"beach4.jpg","beach20.jpg",0.0701754385964912
"beach4.jpg","beach19.jpg",0.233333333333333
"beach4.jpg","beach1.jpg",0
"beach4.jpg","beach0.jpg",0.4
"beach4.jpg","beach17.jpg",0.107843137254902
"beach4.jpg","beach6.jpg",0.31140350877193
"beach4.jpg","beach23.jpg",0.156862745098039
"beach4.jpg","beach15.jpg",0.0476190476190476
"beach4.jpg","beach13.jpg",0.152777777777778
"beach4.jpg","beach10.jpg",0.35
"beach4.jpg","beach22.jpg",0.238095238095238
"beach4.jpg","beach21.jpg",0.160714285714286
"beach4.jpg","beach11.jpg",0.145833333333333
"beach4.jpg","beach18.jpg",0.0277777777777778
"beach4.jpg","beach12.jpg",0.343137254901961
"beach4.jpg","beach2.jpg",0.0333333333333333
"beach4.jpg","beach9.jpg",0.166666666666667
"beach21.jpg","beach3.jpg",0.57843137254902
"beach21.jpg","beach7.jpg",0.362745098039216
"beach21.jpg","beach14.jpg",0.369047619047619
"beach21.jpg","beach8.jpg",0.726190476190476
"beach21.jpg","beach5.jpg",0.194444444444444
"beach21.jpg","beach16.jpg",0.172619047619048
"beach21.jpg","beach20.jpg",0.28125
"beach21.jpg","beach19.jpg",0.4
"beach21.jpg","beach1.jpg",0.7
"beach21.jpg","beach0.jpg",0.319444444444444
"beach21.jpg","beach17.jpg",0.568627450980392
"beach21.jpg","beach6.jpg",0.107142857142857
"beach21.jpg","beach23.jpg",0.529411764705882
"beach21.jpg","beach15.jpg",0.0714285714285714
"beach21.jpg","beach13.jpg",0.343333333333333
"beach21.jpg","beach10.jpg",0.537037037037037
"beach21.jpg","beach22.jpg",0.416666666666667
"beach21.jpg","beach4.jpg",0.160714285714286
"beach21.jpg","beach11.jpg",0.355263157894737
"beach21.jpg","beach18.jpg",0.183333333333333
"beach21.jpg","beach12.jpg",0.348484848484849
"beach21.jpg","beach2.jpg",0.0444444444444444
"beach21.jpg","beach9.jpg",0.8
"beach11.jpg","beach3.jpg",0.377777777777778
"beach11.jpg","beach7.jpg",0.570175438596491
"beach11.jpg","beach14.jpg",0.607843137254902
"beach11.jpg","beach8.jpg",0.375
"beach11.jpg","beach5.jpg",0.842105263157895
"beach11.jpg","beach16.jpg",0.2
"beach11.jpg","beach20.jpg",0.607142857142857
"beach11.jpg","beach19.jpg",0.324074074074074
"beach11.jpg","beach1.jpg",0.519607843137255
"beach11.jpg","beach0.jpg",0.157407407407407
"beach11.jpg","beach17.jpg",0.527777777777778
"beach11.jpg","beach6.jpg",0.355263157894737
"beach11.jpg","beach23.jpg",0.637254901960784
"beach11.jpg","beach15.jpg",0.287878787878788
"beach11.jpg","beach13.jpg",0.228070175438596
"beach11.jpg","beach10.jpg",0.0784313725490196
"beach11.jpg","beach22.jpg",0.245098039215686
"beach11.jpg","beach4.jpg",0.145833333333333
"beach11.jpg","beach21.jpg",0.355263157894737
"beach11.jpg","beach18.jpg",0.138888888888889
"beach11.jpg","beach12.jpg",0.705882352941177
"beach11.jpg","beach2.jpg",0.441176470588235
"beach11.jpg","beach9.jpg",0.472222222222222
"beach18.jpg","beach3.jpg",0.175925925925926
"beach18.jpg","beach7.jpg",0.201754385964912
"beach18.jpg","beach14.jpg",0.309259259259259
"beach18.jpg","beach8.jpg",0.205882352941176
"beach18.jpg","beach5.jpg",0
"beach18.jpg","beach16.jpg",0.208333333333333
"beach18.jpg","beach20.jpg",0.55952380952381
"beach18.jpg","beach19.jpg",0.208333333333333
"beach18.jpg","beach1.jpg",0.0666666666666667
"beach18.jpg","beach0.jpg",0.329166666666667
"beach18.jpg","beach17.jpg",0.59375
"beach18.jpg","beach6.jpg",0.37280701754386
"beach18.jpg","beach23.jpg",0
"beach18.jpg","beach15.jpg",0.333333333333333
"beach18.jpg","beach13.jpg",0.574074074074074
"beach18.jpg","beach10.jpg",0.104166666666667
"beach18.jpg","beach22.jpg",0.133333333333333
"beach18.jpg","beach4.jpg",0.0277777777777778
"beach18.jpg","beach21.jpg",0.183333333333333
"beach18.jpg","beach11.jpg",0.138888888888889
"beach18.jpg","beach12.jpg",0.30952380952381
"beach18.jpg","beach2.jpg",0.661458333333333
"beach18.jpg","beach9.jpg",0.416666666666667
"beach12.jpg","beach3.jpg",0.3625
"beach12.jpg","beach7.jpg",0.594117647058824
"beach12.jpg","beach14.jpg",0.239583333333333
"beach12.jpg","beach8.jpg",0.371794871794872
"beach12.jpg","beach5.jpg",0.515625
"beach12.jpg","beach16.jpg",0.383333333333333
"beach12.jpg","beach20.jpg",0.491228070175439
"beach12.jpg","beach19.jpg",0.240740740740741
"beach12.jpg","beach1.jpg",0.166666666666667
"beach12.jpg","beach0.jpg",0.355555555555556
"beach12.jpg","beach17.jpg",0.260416666666667
"beach12.jpg","beach6.jpg",0.194444444444444
"beach12.jpg","beach23.jpg",0.197916666666667
"beach12.jpg","beach15.jpg",0.423076923076923
"beach12.jpg","beach13.jpg",0.333333333333333
"beach12.jpg","beach10.jpg",0.2125
"beach12.jpg","beach22.jpg",0.362745098039216
"beach12.jpg","beach4.jpg",0.343137254901961
"beach12.jpg","beach21.jpg",0.348484848484849
"beach12.jpg","beach11.jpg",0.705882352941177
"beach12.jpg","beach18.jpg",0.30952380952381
"beach12.jpg","beach2.jpg",0.307017543859649
"beach12.jpg","beach9.jpg",0.652380952380952
"beach2.jpg","beach3.jpg",0.333333333333333
"beach2.jpg","beach7.jpg",0.427083333333333
"beach2.jpg","beach14.jpg",0.411458333333333
"beach2.jpg","beach8.jpg",0.210526315789474
"beach2.jpg","beach5.jpg",0.296296296296296
"beach2.jpg","beach16.jpg",0.435185185185185
"beach2.jpg","beach20.jpg",0.791666666666667
"beach2.jpg","beach19.jpg",0.212962962962963
"beach2.jpg","beach1.jpg",0.264705882352941
"beach2.jpg","beach0.jpg",0.572916666666667
"beach2.jpg","beach17.jpg",0.416666666666667
"beach2.jpg","beach6.jpg",0.322916666666667
"beach2.jpg","beach23.jpg",0.375
"beach2.jpg","beach15.jpg",0.225490196078431
"beach2.jpg","beach13.jpg",0.509259259259259
"beach2.jpg","beach10.jpg",0.245098039215686
"beach2.jpg","beach22.jpg",0.107843137254902
"beach2.jpg","beach4.jpg",0.0333333333333333
"beach2.jpg","beach21.jpg",0.0444444444444444
"beach2.jpg","beach11.jpg",0.441176470588235
"beach2.jpg","beach18.jpg",0.661458333333333
"beach2.jpg","beach12.jpg",0.307017543859649
"beach2.jpg","beach9.jpg",0.343137254901961
"beach9.jpg","beach3.jpg",0.435606060606061
"beach9.jpg","beach7.jpg",0.225490196078431
"beach9.jpg","beach14.jpg",0.786458333333333
"beach9.jpg","beach8.jpg",0.55
"beach9.jpg","beach5.jpg",0.213541666666667
"beach9.jpg","beach16.jpg",0.102564102564103
"beach9.jpg","beach20.jpg",0.432291666666667
"beach9.jpg","beach19.jpg",0.186507936507937
"beach9.jpg","beach1.jpg",0.607843137254902
"beach9.jpg","beach0.jpg",0.422222222222222
"beach9.jpg","beach17.jpg",0.622549019607843
"beach9.jpg","beach6.jpg",0.105263157894737
"beach9.jpg","beach23.jpg",0.416666666666667
"beach9.jpg","beach15.jpg",0.302631578947368
"beach9.jpg","beach13.jpg",0.161764705882353
"beach9.jpg","beach10.jpg",0.264705882352941
"beach9.jpg","beach22.jpg",0.145833333333333
"beach9.jpg","beach4.jpg",0.166666666666667
"beach9.jpg","beach21.jpg",0.8
"beach9.jpg","beach11.jpg",0.472222222222222
"beach9.jpg","beach18.jpg",0.416666666666667
"beach9.jpg","beach12.jpg",0.652380952380952
"beach9.jpg","beach2.jpg",0.343137254901961
"gazebo0.jpg","gazebo23.jpg",0.168542568542569
"gazebo0.jpg","gazebo1.jpg",0.319101731601732
"gazebo0.jpg","gazebo14.jpg",0.29040404040404
"gazebo0.jpg","gazebo10.jpg",0.314700577200577
"gazebo0.jpg","gazebo18.jpg",0.0938131313131313
"gazebo0.jpg","gazebo4.jpg",0.26504329004329
"gazebo0.jpg","gazebo6.jpg",0.439015151515152
"gazebo0.jpg","gazebo7.jpg",0.0609848484848485
"gazebo0.jpg","gazebo21.jpg",0.376641414141414
"gazebo0.jpg","gazebo9.jpg",0.263151927437642
"gazebo0.jpg","gazebo11.jpg",0.777588813303099
"gazebo0.jpg","gazebo20.jpg",0.191504329004329
"gazebo0.jpg","gazebo22.jpg",0.60508658008658
"gazebo0.jpg","gazebo5.jpg",0.113492063492063
"gazebo0.jpg","gazebo16.jpg",0.313567493112948
"gazebo0.jpg","gazebo8.jpg",0.259469696969697
"gazebo0.jpg","gazebo3.jpg",0.132354153782725
"gazebo0.jpg","gazebo15.jpg",0.117532467532468
"gazebo0.jpg","gazebo2.jpg",0.284410430839002
"gazebo0.jpg","gazebo17.jpg",0.236453823953824
"gazebo0.jpg","gazebo13.jpg",0.19549062049062
"gazebo0.jpg","gazebo12.jpg",0.129383116883117
"gazebo0.jpg","gazebo19.jpg",0.23466810966811
"gazebo23.jpg","gazebo0.jpg",0.168542568542569
"gazebo23.jpg","gazebo1.jpg",0.317063492063492
"gazebo23.jpg","gazebo14.jpg",0.181890331890332
"gazebo23.jpg","gazebo10.jpg",0.17846484323757
"gazebo23.jpg","gazebo18.jpg",0.221541950113379
"gazebo23.jpg","gazebo4.jpg",0.569011544011544
"gazebo23.jpg","gazebo6.jpg",0.364069264069264
"gazebo23.jpg","gazebo7.jpg",0.426357733175915
"gazebo23.jpg","gazebo21.jpg",0.295068027210884
"gazebo23.jpg","gazebo9.jpg",0.457034632034632
"gazebo23.jpg","gazebo11.jpg",0.0769064269064269
"gazebo23.jpg","gazebo20.jpg",0.465638528138528
"gazebo23.jpg","gazebo22.jpg",0.276893939393939
"gazebo23.jpg","gazebo5.jpg",0.406006493506493
"gazebo23.jpg","gazebo16.jpg",0.408720320083956
"gazebo23.jpg","gazebo8.jpg",0.325510204081633
"gazebo23.jpg","gazebo3.jpg",0.589103699330972
"gazebo23.jpg","gazebo15.jpg",0.669372294372294
"gazebo23.jpg","gazebo2.jpg",0.27209595959596
"gazebo23.jpg","gazebo17.jpg",0.369082306582307
"gazebo23.jpg","gazebo13.jpg",0.260678210678211
"gazebo23.jpg","gazebo12.jpg",0.424747474747475
"gazebo23.jpg","gazebo19.jpg",0.391378066378066
"gazebo1.jpg","gazebo0.jpg",0.319101731601732
"gazebo1.jpg","gazebo23.jpg",0.317063492063492
"gazebo1.jpg","gazebo14.jpg",0.114015151515152
"gazebo1.jpg","gazebo10.jpg",0.448827561327561
"gazebo1.jpg","gazebo18.jpg",0.129387411530269
"gazebo1.jpg","gazebo4.jpg",0.327681031090122
"gazebo1.jpg","gazebo6.jpg",0.298866213151927
"gazebo1.jpg","gazebo7.jpg",0.28015873015873
"gazebo1.jpg","gazebo21.jpg",0.396536796536797
"gazebo1.jpg","gazebo9.jpg",0.634415584415584
"gazebo1.jpg","gazebo11.jpg",0.273737373737374
"gazebo1.jpg","gazebo20.jpg",0.488052603961695
"gazebo1.jpg","gazebo22.jpg",0.307454414272596
"gazebo1.jpg","gazebo5.jpg",0.103066378066378
"gazebo1.jpg","gazebo16.jpg",0.525450937950938
"gazebo1.jpg","gazebo8.jpg",0.346164021164021
"gazebo1.jpg","gazebo3.jpg",0.290800865800866
"gazebo1.jpg","gazebo15.jpg",0.371482683982684
"gazebo1.jpg","gazebo2.jpg",0.134090909090909
"gazebo1.jpg","gazebo17.jpg",0.482683982683983
"gazebo1.jpg","gazebo13.jpg",0.087987012987013
"gazebo1.jpg","gazebo12.jpg",0.373232323232323
"gazebo1.jpg","gazebo19.jpg",0.512091696182605
"gazebo14.jpg","gazebo0.jpg",0.29040404040404
"gazebo14.jpg","gazebo23.jpg",0.181890331890332
"gazebo14.jpg","gazebo1.jpg",0.114015151515152
"gazebo14.jpg","gazebo10.jpg",0.565800865800866
"gazebo14.jpg","gazebo18.jpg",0.38517316017316
"gazebo14.jpg","gazebo4.jpg",0.15465367965368
"gazebo14.jpg","gazebo6.jpg",0.30021645021645
"gazebo14.jpg","gazebo7.jpg",0.113636363636364
"gazebo14.jpg","gazebo21.jpg",0.136634199134199
"gazebo14.jpg","gazebo9.jpg",0.420238095238095
"gazebo14.jpg","gazebo11.jpg",0.240025252525253
"gazebo14.jpg","gazebo20.jpg",0.385714285714286
"gazebo14.jpg","gazebo22.jpg",0.342965367965368
"gazebo14.jpg","gazebo5.jpg",0.46038961038961
"gazebo14.jpg","gazebo16.jpg",0.0755050505050505
"gazebo14.jpg","gazebo8.jpg",0.283098845598846
"gazebo14.jpg","gazebo3.jpg",0.313636363636364
"gazebo14.jpg","gazebo15.jpg",0.225811688311688
"gazebo14.jpg","gazebo2.jpg",0.355357142857143
"gazebo14.jpg","gazebo17.jpg",0.251713564213564
"gazebo14.jpg","gazebo13.jpg",0.658549783549784
"gazebo14.jpg","gazebo12.jpg",0.476190476190476
"gazebo14.jpg","gazebo19.jpg",0.282323232323232
"gazebo10.jpg","gazebo0.jpg",0.314700577200577
"gazebo10.jpg","gazebo23.jpg",0.17846484323757
"gazebo10.jpg","gazebo1.jpg",0.448827561327561
"gazebo10.jpg","gazebo14.jpg",0.565800865800866
"gazebo10.jpg","gazebo18.jpg",0.384307359307359
"gazebo10.jpg","gazebo4.jpg",0.173971861471861
"gazebo10.jpg","gazebo6.jpg",0.131168831168831
"gazebo10.jpg","gazebo7.jpg",0.195616883116883
"gazebo10.jpg","gazebo21.jpg",0.275
"gazebo10.jpg","gazebo9.jpg",0.649945887445887
"gazebo10.jpg","gazebo11.jpg",0.165151515151515
"gazebo10.jpg","gazebo20.jpg",0.464159451659452
"gazebo10.jpg","gazebo22.jpg",0.452872260015117
"gazebo10.jpg","gazebo5.jpg",0.486832611832612
"gazebo10.jpg","gazebo16.jpg",0.295444706808343
"gazebo10.jpg","gazebo8.jpg",0.323737373737374
"gazebo10.jpg","gazebo3.jpg",0.166496598639456
"gazebo10.jpg","gazebo15.jpg",0.39448051948052
"gazebo10.jpg","gazebo2.jpg",0.56801948051948
"gazebo10.jpg","gazebo17.jpg",0.496536796536796
"gazebo10.jpg","gazebo13.jpg",0.282359307359307
"gazebo10.jpg","gazebo12.jpg",0.198160173160173
"gazebo10.jpg","gazebo19.jpg",0.41547619047619
"gazebo18.jpg","gazebo0.jpg",0.0938131313131313
"gazebo18.jpg","gazebo23.jpg",0.221541950113379
"gazebo18.jpg","gazebo1.jpg",0.129387411530269
"gazebo18.jpg","gazebo14.jpg",0.38517316017316
"gazebo18.jpg","gazebo10.jpg",0.384307359307359
"gazebo18.jpg","gazebo4.jpg",0.407849599895054
"gazebo18.jpg","gazebo6.jpg",0.234240362811791
"gazebo18.jpg","gazebo7.jpg",0.298106060606061
"gazebo18.jpg","gazebo21.jpg",0.353344671201814
"gazebo18.jpg","gazebo9.jpg",0.303192640692641
"gazebo18.jpg","gazebo11.jpg",0.160606060606061
"gazebo18.jpg","gazebo20.jpg",0.24047619047619
"gazebo18.jpg","gazebo22.jpg",0.351948051948052
"gazebo18.jpg","gazebo5.jpg",0.501406926406926
"gazebo18.jpg","gazebo16.jpg",0.136980191525646
"gazebo18.jpg","gazebo8.jpg",0.335291223927588
"gazebo18.jpg","gazebo3.jpg",0.489448051948052
"gazebo18.jpg","gazebo15.jpg",0.353527154663518
"gazebo18.jpg","gazebo2.jpg",0.357305194805195
"gazebo18.jpg","gazebo17.jpg",0.258243145743146
"gazebo18.jpg","gazebo13.jpg",0.473106060606061
"gazebo18.jpg","gazebo12.jpg",0.345292207792208
"gazebo18.jpg","gazebo19.jpg",0.229619244391972
"gazebo4.jpg","gazebo0.jpg",0.26504329004329
"gazebo4.jpg","gazebo23.jpg",0.569011544011544
"gazebo4.jpg","gazebo1.jpg",0.327681031090122
"gazebo4.jpg","gazebo14.jpg",0.15465367965368
"gazebo4.jpg","gazebo10.jpg",0.173971861471861
"gazebo4.jpg","gazebo18.jpg",0.407849599895054
"gazebo4.jpg","gazebo6.jpg",0.506964285714286
"gazebo4.jpg","gazebo7.jpg",0.379157218442933
"gazebo4.jpg","gazebo21.jpg",0.598106060606061
"gazebo4.jpg","gazebo9.jpg",0.276334776334776
"gazebo4.jpg","gazebo11.jpg",0.203589466089466
"gazebo4.jpg","gazebo20.jpg",0.397369801915256
"gazebo4.jpg","gazebo22.jpg",0.136417748917749
"gazebo4.jpg","gazebo5.jpg",0.245887445887446
"gazebo4.jpg","gazebo16.jpg",0.468344155844156
"gazebo4.jpg","gazebo8.jpg",0.588465827102191
"gazebo4.jpg","gazebo3.jpg",0.811574933003504
"gazebo4.jpg","gazebo15.jpg",0.372564935064935
"gazebo4.jpg","gazebo2.jpg",0.179040404040404
"gazebo4.jpg","gazebo17.jpg",0.202344877344877
"gazebo4.jpg","gazebo13.jpg",0.270923520923521
"gazebo4.jpg","gazebo12.jpg",0.393398268398268
"gazebo4.jpg","gazebo19.jpg",0.55551948051948
"gazebo6.jpg","gazebo0.jpg",0.439015151515152
"gazebo6.jpg","gazebo23.jpg",0.364069264069264
"gazebo6.jpg","gazebo1.jpg",0.298866213151927
"gazebo6.jpg","gazebo14.jpg",0.30021645021645
"gazebo6.jpg","gazebo10.jpg",0.131168831168831
"gazebo6.jpg","gazebo18.jpg",0.234240362811791
"gazebo6.jpg","gazebo4.jpg",0.506964285714286
"gazebo6.jpg","gazebo7.jpg",0.0892857142857143
"gazebo6.jpg","gazebo21.jpg",0.586850649350649
"gazebo6.jpg","gazebo9.jpg",0.149025974025974
"gazebo6.jpg","gazebo11.jpg",0.575036075036075
"gazebo6.jpg","gazebo20.jpg",0.258333333333333
"gazebo6.jpg","gazebo22.jpg",0.126623376623377
"gazebo6.jpg","gazebo5.jpg",0.209902597402597
"gazebo6.jpg","gazebo16.jpg",0.251767676767677
"gazebo6.jpg","gazebo8.jpg",0.296428571428571
"gazebo6.jpg","gazebo3.jpg",0.538548752834467
"gazebo6.jpg","gazebo15.jpg",0.137878787878788
"gazebo6.jpg","gazebo2.jpg",0.161417748917749
"gazebo6.jpg","gazebo17.jpg",0.0635642135642136
"gazebo6.jpg","gazebo13.jpg",0.463582251082251
"gazebo6.jpg","gazebo12.jpg",0.48732782369146
"gazebo6.jpg","gazebo19.jpg",0.193440902531812
"gazebo7.jpg","gazebo0.jpg",0.0609848484848485
"gazebo7.jpg","gazebo23.jpg",0.426357733175915
"gazebo7.jpg","gazebo1.jpg",0.28015873015873
"gazebo7.jpg","gazebo14.jpg",0.113636363636364
"gazebo7.jpg","gazebo10.jpg",0.195616883116883
"gazebo7.jpg","gazebo18.jpg",0.298106060606061
"gazebo7.jpg","gazebo4.jpg",0.379157218442933
"gazebo7.jpg","gazebo6.jpg",0.0892857142857143
"gazebo7.jpg","gazebo21.jpg",0.185606060606061
"gazebo7.jpg","gazebo9.jpg",0.319047619047619
"gazebo7.jpg","gazebo11.jpg",0.0849025974025974
"gazebo7.jpg","gazebo20.jpg",0.471825396825397
"gazebo7.jpg","gazebo22.jpg",0.279220779220779
"gazebo7.jpg","gazebo5.jpg",0.235353535353535
"gazebo7.jpg","gazebo16.jpg",0.156168831168831
"gazebo7.jpg","gazebo8.jpg",0.621230158730159
"gazebo7.jpg","gazebo3.jpg",0.413351042896497
"gazebo7.jpg","gazebo15.jpg",0.564062704971796
"gazebo7.jpg","gazebo2.jpg",0.192532467532468
"gazebo7.jpg","gazebo17.jpg",0.32550505050505
"gazebo7.jpg","gazebo13.jpg",0.208225108225108
"gazebo7.jpg","gazebo12.jpg",0.250649350649351
"gazebo7.jpg","gazebo19.jpg",0.268452380952381
"gazebo21.jpg","gazebo0.jpg",0.376641414141414
"gazebo21.jpg","gazebo23.jpg",0.295068027210884
"gazebo21.jpg","gazebo1.jpg",0.396536796536797
"gazebo21.jpg","gazebo14.jpg",0.136634199134199
"gazebo21.jpg","gazebo10.jpg",0.275
"gazebo21.jpg","gazebo18.jpg",0.353344671201814
"gazebo21.jpg","gazebo4.jpg",0.598106060606061
"gazebo21.jpg","gazebo6.jpg",0.586850649350649
"gazebo21.jpg","gazebo7.jpg",0.185606060606061
"gazebo21.jpg","gazebo9.jpg",0.309686147186147
"gazebo21.jpg","gazebo11.jpg",0.447835497835498
"gazebo21.jpg","gazebo20.jpg",0.409289321789322
"gazebo21.jpg","gazebo22.jpg",0.211796536796537
"gazebo21.jpg","gazebo5.jpg",0.259018759018759
"gazebo21.jpg","gazebo16.jpg",0.346121933621934
"gazebo21.jpg","gazebo8.jpg",0.430844155844156
"gazebo21.jpg","gazebo3.jpg",0.536904761904762
"gazebo21.jpg","gazebo15.jpg",0.279220779220779
"gazebo21.jpg","gazebo2.jpg",0.247727272727273
"gazebo21.jpg","gazebo17.jpg",0.180411255411255
"gazebo21.jpg","gazebo13.jpg",0.248647186147186
"gazebo21.jpg","gazebo12.jpg",0.360984848484849
"gazebo21.jpg","gazebo19.jpg",0.445328282828283
"gazebo9.jpg","gazebo0.jpg",0.263151927437642
"gazebo9.jpg","gazebo23.jpg",0.457034632034632
"gazebo9.jpg","gazebo1.jpg",0.634415584415584
"gazebo9.jpg","gazebo14.jpg",0.420238095238095
"gazebo9.jpg","gazebo10.jpg",0.649945887445887
"gazebo9.jpg","gazebo18.jpg",0.303192640692641
"gazebo9.jpg","gazebo4.jpg",0.276334776334776
"gazebo9.jpg","gazebo6.jpg",0.149025974025974
"gazebo9.jpg","gazebo7.jpg",0.319047619047619
"gazebo9.jpg","gazebo21.jpg",0.309686147186147
"gazebo9.jpg","gazebo11.jpg",0.152607709750567
"gazebo9.jpg","gazebo20.jpg",0.353950216450216
"gazebo9.jpg","gazebo22.jpg",0.566450216450216
"gazebo9.jpg","gazebo5.jpg",0.531854256854257
"gazebo9.jpg","gazebo16.jpg",0.306132756132756
"gazebo9.jpg","gazebo8.jpg",0.327597402597403
"gazebo9.jpg","gazebo3.jpg",0.150757575757576
"gazebo9.jpg","gazebo15.jpg",0.77775974025974
"gazebo9.jpg","gazebo2.jpg",0.413257575757576
"gazebo9.jpg","gazebo17.jpg",0.526136363636364
"gazebo9.jpg","gazebo13.jpg",0.343578643578644
"gazebo9.jpg","gazebo12.jpg",0.283766233766234
"gazebo9.jpg","gazebo19.jpg",0.336616161616162
"gazebo11.jpg","gazebo0.jpg",0.777588813303099
"gazebo11.jpg","gazebo23.jpg",0.0769064269064269
"gazebo11.jpg","gazebo1.jpg",0.273737373737374
"gazebo11.jpg","gazebo14.jpg",0.240025252525253
"gazebo11.jpg","gazebo10.jpg",0.165151515151515
"gazebo11.jpg","gazebo18.jpg",0.160606060606061
"gazebo11.jpg","gazebo4.jpg",0.203589466089466
"gazebo11.jpg","gazebo6.jpg",0.575036075036075
"gazebo11.jpg","gazebo7.jpg",0.0849025974025974
"gazebo11.jpg","gazebo21.jpg",0.447835497835498
"gazebo11.jpg","gazebo9.jpg",0.152607709750567
"gazebo11.jpg","gazebo20.jpg",0.103463203463203
"gazebo11.jpg","gazebo22.jpg",0.464357864357864
"gazebo11.jpg","gazebo5.jpg",0.129220779220779
"gazebo11.jpg","gazebo16.jpg",0.238997113997114
"gazebo11.jpg","gazebo8.jpg",0.233459595959596
"gazebo11.jpg","gazebo3.jpg",0.220021645021645
"gazebo11.jpg","gazebo15.jpg",0.113600288600289
"gazebo11.jpg","gazebo2.jpg",0.265205627705628
"gazebo11.jpg","gazebo17.jpg",0.172968697968698
"gazebo11.jpg","gazebo13.jpg",0.174025974025974
"gazebo11.jpg","gazebo12.jpg",0.340205627705628
"gazebo11.jpg","gazebo19.jpg",0.338023088023088
"gazebo20.jpg","gazebo0.jpg",0.191504329004329
"gazebo20.jpg","gazebo23.jpg",0.465638528138528
"gazebo20.jpg","gazebo1.jpg",0.488052603961695
"gazebo20.jpg","gazebo14.jpg",0.385714285714286
"gazebo20.jpg","gazebo10.jpg",0.464159451659452
"gazebo20.jpg","gazebo18.jpg",0.24047619047619
"gazebo20.jpg","gazebo4.jpg",0.397369801915256
"gazebo20.jpg","gazebo6.jpg",0.258333333333333
"gazebo20.jpg","gazebo7.jpg",0.471825396825397
"gazebo20.jpg","gazebo21.jpg",0.409289321789322
"gazebo20.jpg","gazebo9.jpg",0.353950216450216
"gazebo20.jpg","gazebo11.jpg",0.103463203463203
"gazebo20.jpg","gazebo22.jpg",0.262429489702217
"gazebo20.jpg","gazebo5.jpg",0.337622826908541
"gazebo20.jpg","gazebo16.jpg",0.357792207792208
"gazebo20.jpg","gazebo8.jpg",0.392328042328042
"gazebo20.jpg","gazebo3.jpg",0.336043880362062
"gazebo20.jpg","gazebo15.jpg",0.594660894660895
"gazebo20.jpg","gazebo2.jpg",0.290151515151515
"gazebo20.jpg","gazebo17.jpg",0.553030303030303
"gazebo20.jpg","gazebo13.jpg",0.374386724386724
"gazebo20.jpg","gazebo12.jpg",0.360714285714286
"gazebo20.jpg","gazebo19.jpg",0.847564935064935
"gazebo22.jpg","gazebo0.jpg",0.60508658008658
"gazebo22.jpg","gazebo23.jpg",0.276893939393939
"gazebo22.jpg","gazebo1.jpg",0.307454414272596
"gazebo22.jpg","gazebo14.jpg",0.342965367965368
"gazebo22.jpg","gazebo10.jpg",0.452872260015117
"gazebo22.jpg","gazebo18.jpg",0.351948051948052
"gazebo22.jpg","gazebo4.jpg",0.136417748917749
"gazebo22.jpg","gazebo6.jpg",0.126623376623377
"gazebo22.jpg","gazebo7.jpg",0.279220779220779
"gazebo22.jpg","gazebo21.jpg",0.211796536796537
"gazebo22.jpg","gazebo9.jpg",0.566450216450216
"gazebo22.jpg","gazebo11.jpg",0.464357864357864
"gazebo22.jpg","gazebo20.jpg",0.262429489702217
"gazebo22.jpg","gazebo5.jpg",0.306818181818182
"gazebo22.jpg","gazebo16.jpg",0.111471861471861
"gazebo22.jpg","gazebo8.jpg",0.340782828282828
"gazebo22.jpg","gazebo3.jpg",0.0447330447330447
"gazebo22.jpg","gazebo15.jpg",0.508369408369408
"gazebo22.jpg","gazebo2.jpg",0.626010101010101
"gazebo22.jpg","gazebo17.jpg",0.401930014430014
"gazebo22.jpg","gazebo13.jpg",0.317261904761905
"gazebo22.jpg","gazebo12.jpg",0.179166666666667
"gazebo22.jpg","gazebo19.jpg",0.218506493506494
"gazebo5.jpg","gazebo0.jpg",0.113492063492063
"gazebo5.jpg","gazebo23.jpg",0.406006493506493
"gazebo5.jpg","gazebo1.jpg",0.103066378066378
"gazebo5.jpg","gazebo14.jpg",0.46038961038961
"gazebo5.jpg","gazebo10.jpg",0.486832611832612
"gazebo5.jpg","gazebo18.jpg",0.501406926406926
"gazebo5.jpg","gazebo4.jpg",0.245887445887446
"gazebo5.jpg","gazebo6.jpg",0.209902597402597
"gazebo5.jpg","gazebo7.jpg",0.235353535353535
"gazebo5.jpg","gazebo21.jpg",0.259018759018759
"gazebo5.jpg","gazebo9.jpg",0.531854256854257
"gazebo5.jpg","gazebo11.jpg",0.129220779220779
"gazebo5.jpg","gazebo20.jpg",0.337622826908541
"gazebo5.jpg","gazebo22.jpg",0.306818181818182
"gazebo5.jpg","gazebo16.jpg",0.187878787878788
"gazebo5.jpg","gazebo8.jpg",0.268688586545729
"gazebo5.jpg","gazebo3.jpg",0.361796536796537
"gazebo5.jpg","gazebo15.jpg",0.572691197691198
"gazebo5.jpg","gazebo2.jpg",0.564194139194139
"gazebo5.jpg","gazebo17.jpg",0.395292207792208
"gazebo5.jpg","gazebo13.jpg",0.448575036075036
"gazebo5.jpg","gazebo12.jpg",0.3379329004329
"gazebo5.jpg","gazebo19.jpg",0.387163593981776
"gazebo16.jpg","gazebo0.jpg",0.313567493112948
"gazebo16.jpg","gazebo23.jpg",0.408720320083956
"gazebo16.jpg","gazebo1.jpg",0.525450937950938
"gazebo16.jpg","gazebo14.jpg",0.0755050505050505
"gazebo16.jpg","gazebo10.jpg",0.295444706808343
"gazebo16.jpg","gazebo18.jpg",0.136980191525646
"gazebo16.jpg","gazebo4.jpg",0.468344155844156
"gazebo16.jpg","gazebo6.jpg",0.251767676767677
"gazebo16.jpg","gazebo7.jpg",0.156168831168831
"gazebo16.jpg","gazebo21.jpg",0.346121933621934
"gazebo16.jpg","gazebo9.jpg",0.306132756132756
"gazebo16.jpg","gazebo11.jpg",0.238997113997114
"gazebo16.jpg","gazebo20.jpg",0.357792207792208
"gazebo16.jpg","gazebo22.jpg",0.111471861471861
"gazebo16.jpg","gazebo5.jpg",0.187878787878788
"gazebo16.jpg","gazebo8.jpg",0.241455135773318
"gazebo16.jpg","gazebo3.jpg",0.263390397481307
"gazebo16.jpg","gazebo15.jpg",0.435497835497835
"gazebo16.jpg","gazebo2.jpg",0.163257575757576
"gazebo16.jpg","gazebo17.jpg",0.219751082251082
"gazebo16.jpg","gazebo13.jpg",0.132792207792208
"gazebo16.jpg","gazebo12.jpg",0.350054112554113
"gazebo16.jpg","gazebo19.jpg",0.4754329004329
"gazebo8.jpg","gazebo0.jpg",0.259469696969697
"gazebo8.jpg","gazebo23.jpg",0.325510204081633
"gazebo8.jpg","gazebo1.jpg",0.346164021164021
"gazebo8.jpg","gazebo14.jpg",0.283098845598846
"gazebo8.jpg","gazebo10.jpg",0.323737373737374
"gazebo8.jpg","gazebo18.jpg",0.335291223927588
"gazebo8.jpg","gazebo4.jpg",0.588465827102191
"gazebo8.jpg","gazebo6.jpg",0.296428571428571
"gazebo8.jpg","gazebo7.jpg",0.621230158730159
"gazebo8.jpg","gazebo21.jpg",0.430844155844156
"gazebo8.jpg","gazebo9.jpg",0.327597402597403
"gazebo8.jpg","gazebo11.jpg",0.233459595959596
"gazebo8.jpg","gazebo20.jpg",0.392328042328042
"gazebo8.jpg","gazebo22.jpg",0.340782828282828
"gazebo8.jpg","gazebo5.jpg",0.268688586545729
"gazebo8.jpg","gazebo16.jpg",0.241455135773318
"gazebo8.jpg","gazebo3.jpg",0.3629329004329
"gazebo8.jpg","gazebo15.jpg",0.481547619047619
"gazebo8.jpg","gazebo2.jpg",0.263997113997114
"gazebo8.jpg","gazebo17.jpg",0.470570969434606
"gazebo8.jpg","gazebo13.jpg",0.238600288600289
"gazebo8.jpg","gazebo12.jpg",0.268841007477371
"gazebo8.jpg","gazebo19.jpg",0.424368686868687
"gazebo3.jpg","gazebo0.jpg",0.132354153782725
"gazebo3.jpg","gazebo23.jpg",0.589103699330972
"gazebo3.jpg","gazebo1.jpg",0.290800865800866
"gazebo3.jpg","gazebo14.jpg",0.313636363636364
"gazebo3.jpg","gazebo10.jpg",0.166496598639456
"gazebo3.jpg","gazebo18.jpg",0.489448051948052
"gazebo3.jpg","gazebo4.jpg",0.811574933003504
"gazebo3.jpg","gazebo6.jpg",0.538548752834467
"gazebo3.jpg","gazebo7.jpg",0.413351042896497
"gazebo3.jpg","gazebo21.jpg",0.536904761904762
"gazebo3.jpg","gazebo9.jpg",0.150757575757576
"gazebo3.jpg","gazebo11.jpg",0.220021645021645
"gazebo3.jpg","gazebo20.jpg",0.336043880362062
"gazebo3.jpg","gazebo22.jpg",0.0447330447330447
"gazebo3.jpg","gazebo5.jpg",0.361796536796537
"gazebo3.jpg","gazebo16.jpg",0.263390397481307
"gazebo3.jpg","gazebo8.jpg",0.3629329004329
"gazebo3.jpg","gazebo15.jpg",0.374873737373737
"gazebo3.jpg","gazebo2.jpg",0.0849206349206349
"gazebo3.jpg","gazebo17.jpg",0.214790764790765
"gazebo3.jpg","gazebo13.jpg",0.407738095238095
"gazebo3.jpg","gazebo12.jpg",0.769997048406139
"gazebo3.jpg","gazebo19.jpg",0.398593073593074
"gazebo15.jpg","gazebo0.jpg",0.117532467532468
"gazebo15.jpg","gazebo23.jpg",0.669372294372294
"gazebo15.jpg","gazebo1.jpg",0.371482683982684
"gazebo15.jpg","gazebo14.jpg",0.225811688311688
"gazebo15.jpg","gazebo10.jpg",0.39448051948052
"gazebo15.jpg","gazebo18.jpg",0.353527154663518
"gazebo15.jpg","gazebo4.jpg",0.372564935064935
"gazebo15.jpg","gazebo6.jpg",0.137878787878788
"gazebo15.jpg","gazebo7.jpg",0.564062704971796
"gazebo15.jpg","gazebo21.jpg",0.279220779220779
"gazebo15.jpg","gazebo9.jpg",0.77775974025974
"gazebo15.jpg","gazebo11.jpg",0.113600288600289
"gazebo15.jpg","gazebo20.jpg",0.594660894660895
"gazebo15.jpg","gazebo22.jpg",0.508369408369408
"gazebo15.jpg","gazebo5.jpg",0.572691197691198
"gazebo15.jpg","gazebo16.jpg",0.435497835497835
"gazebo15.jpg","gazebo8.jpg",0.481547619047619
"gazebo15.jpg","gazebo3.jpg",0.374873737373737
"gazebo15.jpg","gazebo2.jpg",0.40705266955267
"gazebo15.jpg","gazebo17.jpg",0.556998556998557
"gazebo15.jpg","gazebo13.jpg",0.405960579824216
"gazebo15.jpg","gazebo12.jpg",0.451623376623377
"gazebo15.jpg","gazebo19.jpg",0.588587170405352
"gazebo2.jpg","gazebo0.jpg",0.284410430839002
"gazebo2.jpg","gazebo23.jpg",0.27209595959596
"gazebo2.jpg","gazebo1.jpg",0.134090909090909
"gazebo2.jpg","gazebo14.jpg",0.355357142857143
"gazebo2.jpg","gazebo10.jpg",0.56801948051948
"gazebo2.jpg","gazebo18.jpg",0.357305194805195
"gazebo2.jpg","gazebo4.jpg",0.179040404040404
"gazebo2.jpg","gazebo6.jpg",0.161417748917749
"gazebo2.jpg","gazebo7.jpg",0.192532467532468
"gazebo2.jpg","gazebo21.jpg",0.247727272727273
"gazebo2.jpg","gazebo9.jpg",0.413257575757576
"gazebo2.jpg","gazebo11.jpg",0.265205627705628
"gazebo2.jpg","gazebo20.jpg",0.290151515151515
"gazebo2.jpg","gazebo22.jpg",0.626010101010101
"gazebo2.jpg","gazebo5.jpg",0.564194139194139
"gazebo2.jpg","gazebo16.jpg",0.163257575757576
"gazebo2.jpg","gazebo8.jpg",0.263997113997114
"gazebo2.jpg","gazebo3.jpg",0.0849206349206349
"gazebo2.jpg","gazebo15.jpg",0.40705266955267
"gazebo2.jpg","gazebo17.jpg",0.291341991341991
"gazebo2.jpg","gazebo13.jpg",0.239015151515152
"gazebo2.jpg","gazebo12.jpg",0.111471861471861
"gazebo2.jpg","gazebo19.jpg",0.182467532467532
"gazebo17.jpg","gazebo0.jpg",0.236453823953824
"gazebo17.jpg","gazebo23.jpg",0.369082306582307
"gazebo17.jpg","gazebo1.jpg",0.482683982683983
"gazebo17.jpg","gazebo14.jpg",0.251713564213564
"gazebo17.jpg","gazebo10.jpg",0.496536796536796
"gazebo17.jpg","gazebo18.jpg",0.258243145743146
"gazebo17.jpg","gazebo4.jpg",0.202344877344877
"gazebo17.jpg","gazebo6.jpg",0.0635642135642136
"gazebo17.jpg","gazebo7.jpg",0.32550505050505
"gazebo17.jpg","gazebo21.jpg",0.180411255411255
"gazebo17.jpg","gazebo9.jpg",0.526136363636364
"gazebo17.jpg","gazebo11.jpg",0.172968697968698
"gazebo17.jpg","gazebo20.jpg",0.553030303030303
"gazebo17.jpg","gazebo22.jpg",0.401930014430014
"gazebo17.jpg","gazebo5.jpg",0.395292207792208
"gazebo17.jpg","gazebo16.jpg",0.219751082251082
"gazebo17.jpg","gazebo8.jpg",0.470570969434606
"gazebo17.jpg","gazebo3.jpg",0.214790764790765
"gazebo17.jpg","gazebo15.jpg",0.556998556998557
"gazebo17.jpg","gazebo2.jpg",0.291341991341991
"gazebo17.jpg","gazebo13.jpg",0.228769841269841
"gazebo17.jpg","gazebo12.jpg",0.232738095238095
"gazebo17.jpg","gazebo19.jpg",0.539249639249639
"gazebo13.jpg","gazebo0.jpg",0.19549062049062
"gazebo13.jpg","gazebo23.jpg",0.260678210678211
"gazebo13.jpg","gazebo1.jpg",0.087987012987013
"gazebo13.jpg","gazebo14.jpg",0.658549783549784
"gazebo13.jpg","gazebo10.jpg",0.282359307359307
"gazebo13.jpg","gazebo18.jpg",0.473106060606061
"gazebo13.jpg","gazebo4.jpg",0.270923520923521
"gazebo13.jpg","gazebo6.jpg",0.463582251082251
"gazebo13.jpg","gazebo7.jpg",0.208225108225108
"gazebo13.jpg","gazebo21.jpg",0.248647186147186
"gazebo13.jpg","gazebo9.jpg",0.343578643578644
"gazebo13.jpg","gazebo11.jpg",0.174025974025974
"gazebo13.jpg","gazebo20.jpg",0.374386724386724
"gazebo13.jpg","gazebo22.jpg",0.317261904761905
"gazebo13.jpg","gazebo5.jpg",0.448575036075036
"gazebo13.jpg","gazebo16.jpg",0.132792207792208
"gazebo13.jpg","gazebo8.jpg",0.238600288600289
"gazebo13.jpg","gazebo3.jpg",0.407738095238095
"gazebo13.jpg","gazebo15.jpg",0.405960579824216
"gazebo13.jpg","gazebo2.jpg",0.239015151515152
"gazebo13.jpg","gazebo17.jpg",0.228769841269841
"gazebo13.jpg","gazebo12.jpg",0.486580086580087
"gazebo13.jpg","gazebo19.jpg",0.292424242424242
"gazebo12.jpg","gazebo0.jpg",0.129383116883117
"gazebo12.jpg","gazebo23.jpg",0.424747474747475
"gazebo12.jpg","gazebo1.jpg",0.373232323232323
"gazebo12.jpg","gazebo14.jpg",0.476190476190476
"gazebo12.jpg","gazebo10.jpg",0.198160173160173
"gazebo12.jpg","gazebo18.jpg",0.345292207792208
"gazebo12.jpg","gazebo4.jpg",0.393398268398268
"gazebo12.jpg","gazebo6.jpg",0.48732782369146
"gazebo12.jpg","gazebo7.jpg",0.250649350649351
"gazebo12.jpg","gazebo21.jpg",0.360984848484849
"gazebo12.jpg","gazebo9.jpg",0.283766233766234
"gazebo12.jpg","gazebo11.jpg",0.340205627705628
"gazebo12.jpg","gazebo20.jpg",0.360714285714286
"gazebo12.jpg","gazebo22.jpg",0.179166666666667
"gazebo12.jpg","gazebo5.jpg",0.3379329004329
"gazebo12.jpg","gazebo16.jpg",0.350054112554113
"gazebo12.jpg","gazebo8.jpg",0.268841007477371
"gazebo12.jpg","gazebo3.jpg",0.769997048406139
"gazebo12.jpg","gazebo15.jpg",0.451623376623377
"gazebo12.jpg","gazebo2.jpg",0.111471861471861
"gazebo12.jpg","gazebo17.jpg",0.232738095238095
"gazebo12.jpg","gazebo13.jpg",0.486580086580087
"gazebo12.jpg","gazebo19.jpg",0.481655844155844
"gazebo19.jpg","gazebo0.jpg",0.23466810966811
"gazebo19.jpg","gazebo23.jpg",0.391378066378066
"gazebo19.jpg","gazebo1.jpg",0.512091696182605
"gazebo19.jpg","gazebo14.jpg",0.282323232323232
"gazebo19.jpg","gazebo10.jpg",0.41547619047619
"gazebo19.jpg","gazebo18.jpg",0.229619244391972
"gazebo19.jpg","gazebo4.jpg",0.55551948051948
"gazebo19.jpg","gazebo6.jpg",0.193440902531812
"gazebo19.jpg","gazebo7.jpg",0.268452380952381
"gazebo19.jpg","gazebo21.jpg",0.445328282828283
"gazebo19.jpg","gazebo9.jpg",0.336616161616162
"gazebo19.jpg","gazebo11.jpg",0.338023088023088
"gazebo19.jpg","gazebo20.jpg",0.847564935064935
"gazebo19.jpg","gazebo22.jpg",0.218506493506494
"gazebo19.jpg","gazebo5.jpg",0.387163593981776
"gazebo19.jpg","gazebo16.jpg",0.4754329004329
"gazebo19.jpg","gazebo8.jpg",0.424368686868687
"gazebo19.jpg","gazebo3.jpg",0.398593073593074
"gazebo19.jpg","gazebo15.jpg",0.588587170405352
"gazebo19.jpg","gazebo2.jpg",0.182467532467532
"gazebo19.jpg","gazebo17.jpg",0.539249639249639
"gazebo19.jpg","gazebo13.jpg",0.292424242424242
"gazebo19.jpg","gazebo12.jpg",0.481655844155844
